date,timestamp,dvol_close
2021-03-24,1616587200,95.0400
2021-03-25,1616673600,89.7400
2021-03-26,1616760000,84.5200
2021-03-27,1616846400,79.6900
2021-03-28,1616932800,79.0700
2021-03-29,1617019200,83.7100
2021-03-30,1617105600,85.0800
2021-03-31,1617192000,86.4500
2021-04-01,1617278400,82.3800
2021-04-02,1617364800,81.2800
2021-04-03,1617451200,81.2900
2021-04-04,1617537600,82.4200
2021-04-05,1617624000,80.2200
2021-04-06,1617710400,81.0100
2021-04-07,1617796800,78.7800
2021-04-08,1617883200,74.3100
2021-04-09,1617969600,77.0700
2021-04-10,1618056000,81.5400
2021-04-11,1618142400,82.6100
2021-04-12,1618228800,84.5000
2021-04-13,1618315200,88.6400
2021-04-14,1618401600,83.8500
2021-04-15,1618488000,77.0800
2021-04-16,1618574400,77.6700
2021-04-17,1618660800,74.4300
2021-04-18,1618747200,88.4000
2021-04-19,1618833600,83.2000
2021-04-20,1618920000,82.9600
2021-04-21,1619006400,83.0000
2021-04-22,1619092800,87.3900
2021-04-23,1619179200,89.3100
2021-04-24,1619265600,94.0800
2021-04-25,1619352000,93.4600
2021-04-26,1619438400,82.6600
2021-04-27,1619524800,77.5300
2021-04-28,1619611200,76.9600
2021-04-29,1619697600,80.2000
2021-04-30,1619784000,75.0900
2021-05-01,1619870400,76.1500
2021-05-02,1619956800,79.0900
2021-05-03,1620043200,81.7900
2021-05-04,1620129600,87.9600
2021-05-05,1620216000,84.3900
2021-05-06,1620302400,82.1400
2021-05-07,1620388800,80.5600
2021-05-08,1620475200,83.5700
2021-05-09,1620561600,86.0500
2021-05-10,1620648000,90.2600
2021-05-11,1620734400,86.2700
2021-05-12,1620820800,93.8600
2021-05-13,1620907200,92.9000
2021-05-14,1620993600,98.4600
2021-05-15,1621080000,102.8500
2021-05-16,1621166400,105.2800
2021-05-17,1621252800,123.0200
2021-05-18,1621339200,117.0100
2021-05-19,1621425600,124.8300
2021-05-20,1621512000,119.7700
2021-05-21,1621598400,139.9800
2021-05-22,1621684800,140.0500
2021-05-23,1621771200,156.2000
2021-05-24,1621857600,125.1200
2021-05-25,1621944000,129.1100
2021-05-26,1622030400,117.0200
2021-05-27,1622116800,107.2600
2021-05-28,1622203200,122.5500
2021-05-29,1622289600,129.3000
2021-05-30,1622376000,123.6100
2021-05-31,1622462400,106.4700
2021-06-01,1622548800,108.2300
2021-06-02,1622635200,103.1700
2021-06-03,1622721600,99.1900
2021-06-04,1622808000,102.9100
2021-06-05,1622894400,108.5200
2021-06-06,1622980800,105.9300
2021-06-07,1623067200,108.3200
2021-06-08,1623153600,111.0400
2021-06-09,1623240000,105.8200
2021-06-10,1623326400,99.4600
2021-06-11,1623412800,97.2200
2021-06-12,1623499200,99.3900
2021-06-13,1623585600,102.8600
2021-06-14,1623672000,98.8800
2021-06-15,1623758400,96.7700
2021-06-16,1623844800,95.2500
2021-06-17,1623931200,95.2800
2021-06-18,1624017600,94.7300
2021-06-19,1624104000,91.8900
2021-06-20,1624190400,95.6300
2021-06-21,1624276800,106.2300
2021-06-22,1624363200,107.0100
2021-06-23,1624449600,102.2100
2021-06-24,1624536000,100.9900
2021-06-25,1624622400,105.3000
2021-06-26,1624708800,106.7000
2021-06-27,1624795200,106.4100
2021-06-28,1624881600,104.3000
2021-06-29,1624968000,98.8600
2021-06-30,1625054400,104.5100
2021-07-01,1625140800,102.3800
2021-07-02,1625227200,99.2300
2021-07-03,1625313600,98.0200
2021-07-04,1625400000,95.8900
2021-07-05,1625486400,96.3900
2021-07-06,1625572800,95.7400
2021-07-07,1625659200,94.9300
2021-07-08,1625745600,94.4300
2021-07-09,1625832000,90.8900
2021-07-10,1625918400,90.5700
2021-07-11,1626004800,88.7100
2021-07-12,1626091200,90.5100
2021-07-13,1626177600,90.8100
2021-07-14,1626264000,86.9700
2021-07-15,1626350400,85.5500
2021-07-16,1626436800,82.5900
2021-07-17,1626523200,82.7800
2021-07-18,1626609600,83.5200
2021-07-19,1626696000,88.4600
2021-07-20,1626782400,91.4900
2021-07-21,1626868800,87.8600
2021-07-22,1626955200,84.6400
2021-07-23,1627041600,81.7500
2021-07-24,1627128000,81.3100
2021-07-25,1627214400,83.9000
2021-07-26,1627300800,87.6800
2021-07-27,1627387200,91.8400
2021-07-28,1627473600,95.6800
2021-07-29,1627560000,93.2400
2021-07-30,1627646400,93.4900
2021-07-31,1627732800,89.5500
2021-08-01,1627819200,89.3000
2021-08-02,1627905600,88.5200
2021-08-03,1627992000,89.0400
2021-08-04,1628078400,91.9400
2021-08-05,1628164800,96.0900
2021-08-06,1628251200,93.6200
2021-08-07,1628337600,97.2700
2021-08-08,1628424000,95.9900
2021-08-09,1628510400,106.9700
2021-08-10,1628596800,103.3500
2021-08-11,1628683200,100.5300
2021-08-12,1628769600,98.0600
2021-08-13,1628856000,100.3000
2021-08-14,1628942400,97.4800
2021-08-15,1629028800,98.6900
2021-08-16,1629115200,98.3000
2021-08-17,1629201600,96.6800
2021-08-18,1629288000,95.8100
2021-08-19,1629374400,94.5000
2021-08-20,1629460800,93.0600
2021-08-21,1629547200,92.7100
2021-08-22,1629633600,94.8300
2021-08-23,1629720000,93.6400
2021-08-24,1629806400,92.8500
2021-08-25,1629892800,93.6200
2021-08-26,1629979200,93.8700
2021-08-27,1630065600,90.9200
2021-08-28,1630152000,90.1100
2021-08-29,1630238400,90.6000
2021-08-30,1630324800,92.0800
2021-08-31,1630411200,91.0800
2021-09-01,1630497600,93.6500
2021-09-02,1630584000,92.8200
2021-09-03,1630670400,90.1500
2021-09-04,1630756800,91.3000
2021-09-05,1630843200,93.3700
2021-09-06,1630929600,92.8600
2021-09-07,1631016000,95.1600
2021-09-08,1631102400,92.3100
2021-09-09,1631188800,91.9500
2021-09-10,1631275200,90.5700
2021-09-11,1631361600,89.4600
2021-09-12,1631448000,92.1300
2021-09-13,1631534400,92.1400
2021-09-14,1631620800,90.9000
2021-09-15,1631707200,90.3200
2021-09-16,1631793600,84.1700
2021-09-17,1631880000,82.3500
2021-09-18,1631966400,84.7000
2021-09-19,1632052800,85.7200
2021-09-20,1632139200,91.7600
2021-09-21,1632225600,96.2600
2021-09-22,1632312000,88.7300
2021-09-23,1632398400,83.8400
2021-09-24,1632484800,86.9200
2021-09-25,1632571200,85.8800
2021-09-26,1632657600,89.1200
2021-09-27,1632744000,89.2500
2021-09-28,1632830400,92.2700
2021-09-29,1632916800,91.7700
2021-09-30,1633003200,90.9700
2021-10-01,1633089600,85.8400
2021-10-02,1633176000,83.9700
2021-10-03,1633262400,85.5600
2021-10-04,1633348800,89.6200
2021-10-05,1633435200,92.6800
2021-10-06,1633521600,89.3800
2021-10-07,1633608000,88.1300
2021-10-08,1633694400,88.1900
2021-10-09,1633780800,87.4200
2021-10-10,1633867200,89.2300
2021-10-11,1633953600,90.4900
2021-10-12,1634040000,93.3700
2021-10-13,1634126400,95.0000
2021-10-14,1634212800,97.8700
2021-10-15,1634299200,90.7100
2021-10-16,1634385600,86.8000
2021-10-17,1634472000,89.6600
2021-10-18,1634558400,92.4000
2021-10-19,1634644800,94.1500
2021-10-20,1634731200,93.0400
2021-10-21,1634817600,92.5200
2021-10-22,1634904000,86.7300
2021-10-23,1634990400,86.3100
2021-10-24,1635076800,89.8800
2021-10-25,1635163200,84.4500
2021-10-26,1635249600,89.0100
2021-10-27,1635336000,88.4500
2021-10-28,1635422400,89.8700
2021-10-29,1635508800,87.5800
2021-10-30,1635595200,87.1700
2021-10-31,1635681600,87.6400
2021-11-01,1635768000,85.4500
2021-11-02,1635854400,87.2300
2021-11-03,1635940800,85.8400
2021-11-04,1636027200,84.7300
2021-11-05,1636113600,85.7100
2021-11-06,1636200000,87.0700
2021-11-07,1636286400,86.5900
2021-11-08,1636372800,86.6900
2021-11-09,1636459200,84.6800
2021-11-10,1636545600,86.3600
2021-11-11,1636632000,85.2300
2021-11-12,1636718400,88.4400
2021-11-13,1636804800,87.7400
2021-11-14,1636891200,87.2200
2021-11-15,1636977600,85.0400
2021-11-16,1637064000,87.2800
2021-11-17,1637150400,89.8800
2021-11-18,1637236800,90.1200
2021-11-19,1637323200,85.7800
2021-11-20,1637409600,85.4400
2021-11-21,1637496000,85.9400
2021-11-22,1637582400,88.9800
2021-11-23,1637668800,89.9100
2021-11-24,1637755200,90.4200
2021-11-25,1637841600,86.5200
2021-11-26,1637928000,86.0600
2021-11-27,1638014400,83.7200
2021-11-28,1638100800,86.3200
2021-11-29,1638187200,82.8500
2021-11-30,1638273600,84.0800
2021-12-01,1638360000,83.6400
2021-12-02,1638446400,85.2600
2021-12-03,1638532800,84.5500
2021-12-04,1638619200,87.2900
2021-12-05,1638705600,89.3900
2021-12-06,1638792000,86.8400
2021-12-07,1638878400,86.0000
2021-12-08,1638964800,87.1600
2021-12-09,1639051200,90.3000
2021-12-10,1639137600,89.9800
2021-12-11,1639224000,88.7200
2021-12-12,1639310400,92.2500
2021-12-13,1639396800,90.2900
2021-12-14,1639483200,92.3400
2021-12-15,1639569600,89.3400
2021-12-16,1639656000,86.7800
2021-12-17,1639742400,85.3400
2021-12-18,1639828800,87.4300
2021-12-19,1639915200,87.8300
2021-12-20,1640001600,87.3100
2021-12-21,1640088000,86.0400
2021-12-22,1640174400,82.9900
2021-12-23,1640260800,82.9900
2021-12-24,1640347200,82.5700
2021-12-25,1640433600,81.0800
2021-12-26,1640520000,80.2600
2021-12-27,1640606400,83.2900
2021-12-28,1640692800,76.7000
2021-12-29,1640779200,80.7300
2021-12-30,1640865600,80.6800
2021-12-31,1640952000,75.5100
2022-01-01,1641038400,70.9100
2022-01-02,1641124800,72.0600
2022-01-03,1641211200,71.9400
2022-01-04,1641297600,72.5200
2022-01-05,1641384000,75.6400
2022-01-06,1641470400,73.1900
2022-01-07,1641556800,73.8600
2022-01-08,1641643200,71.5600
2022-01-09,1641729600,73.5000
2022-01-10,1641816000,74.1000
2022-01-11,1641902400,75.3700
2022-01-12,1641988800,71.8100
2022-01-13,1642075200,67.5100
2022-01-14,1642161600,65.1300
2022-01-15,1642248000,62.9500
2022-01-16,1642334400,62.2200
2022-01-17,1642420800,65.2300
2022-01-18,1642507200,67.2700
2022-01-19,1642593600,65.9600
2022-01-20,1642680000,65.2400
2022-01-21,1642766400,77.8000
2022-01-22,1642852800,81.0000
2022-01-23,1642939200,77.2900
2022-01-24,1643025600,78.5900
2022-01-25,1643112000,81.2600
2022-01-26,1643198400,80.3900
2022-01-27,1643284800,80.1400
2022-01-28,1643371200,74.7700
2022-01-29,1643457600,75.1800
2022-01-30,1643544000,74.3200
2022-01-31,1643630400,70.9900
2022-02-01,1643716800,71.8100
2022-02-02,1643803200,75.0000
2022-02-03,1643889600,74.1400
2022-02-04,1643976000,70.1400
2022-02-05,1644062400,67.3700
2022-02-06,1644148800,70.6900
2022-02-07,1644235200,69.1800
2022-02-08,1644321600,70.2700
2022-02-09,1644408000,69.8100
2022-02-10,1644494400,70.8100
2022-02-11,1644580800,72.3400
2022-02-12,1644667200,71.3200
2022-02-13,1644753600,73.0500
2022-02-14,1644840000,72.1600
2022-02-15,1644926400,70.5900
2022-02-16,1645012800,68.0700
2022-02-17,1645099200,71.5400
2022-02-18,1645185600,68.8300
2022-02-19,1645272000,67.7200
2022-02-20,1645358400,73.9200
2022-02-21,1645444800,77.6900
2022-02-22,1645531200,75.2200
2022-02-23,1645617600,73.7800
2022-02-24,1645704000,79.8800
2022-02-25,1645790400,71.4400
2022-02-26,1645876800,72.4900
2022-02-27,1645963200,80.6500
2022-02-28,1646049600,77.4700
2022-03-01,1646136000,76.9900
2022-03-02,1646222400,73.8000
2022-03-03,1646308800,73.7000
2022-03-04,1646395200,79.2800
2022-03-05,1646481600,77.3900
2022-03-06,1646568000,79.7200
2022-03-07,1646654400,80.7000
2022-03-08,1646740800,80.9300
2022-03-09,1646827200,81.0100
2022-03-10,1646913600,80.1300
2022-03-11,1647000000,79.7300
2022-03-12,1647086400,81.1300
2022-03-13,1647172800,82.4700
2022-03-14,1647259200,82.4300
2022-03-15,1647345600,81.9800
2022-03-16,1647432000,81.7900
2022-03-17,1647518400,75.1800
2022-03-18,1647604800,70.7500
2022-03-19,1647691200,71.6600
2022-03-20,1647777600,72.6700
2022-03-21,1647864000,71.8000
2022-03-22,1647950400,71.1900
2022-03-23,1648036800,69.5800
2022-03-24,1648123200,65.4700
2022-03-25,1648209600,62.4100
2022-03-26,1648296000,66.6200
2022-03-27,1648382400,68.6200
2022-03-28,1648468800,63.0400
2022-03-29,1648555200,62.0400
2022-03-30,1648641600,62.4400
2022-03-31,1648728000,64.1100
2022-04-01,1648814400,59.5400
2022-04-02,1648900800,59.2600
2022-04-03,1648987200,59.4700
2022-04-04,1649073600,60.5400
2022-04-05,1649160000,62.8800
2022-04-06,1649246400,66.0500
2022-04-07,1649332800,61.7400
2022-04-08,1649419200,62.1900
2022-04-09,1649505600,59.7200
2022-04-10,1649592000,61.0800
2022-04-11,1649678400,68.2800
2022-04-12,1649764800,65.2200
2022-04-13,1649851200,63.6100
2022-04-14,1649937600,62.1000
2022-04-15,1650024000,60.4000
2022-04-16,1650110400,61.0500
2022-04-17,1650196800,63.5900
2022-04-18,1650283200,63.4700
2022-04-19,1650369600,62.4600
2022-04-20,1650456000,62.1900
2022-04-21,1650542400,63.5100
2022-04-22,1650628800,61.1200
2022-04-23,1650715200,61.3400
2022-04-24,1650801600,62.6200
2022-04-25,1650888000,65.5700
2022-04-26,1650974400,66.7800
2022-04-27,1651060800,65.0900
2022-04-28,1651147200,63.0000
2022-04-29,1651233600,60.5400
2022-04-30,1651320000,62.2300
2022-05-01,1651406400,62.4400
2022-05-02,1651492800,62.4200
2022-05-03,1651579200,64.9200
2022-05-04,1651665600,60.5800
2022-05-05,1651752000,63.1300
2022-05-06,1651838400,62.1900
2022-05-07,1651924800,64.8700
2022-05-08,1652011200,68.5900
2022-05-09,1652097600,84.9100
2022-05-10,1652184000,81.6100
2022-05-11,1652270400,101.2500
2022-05-12,1652356800,114.5800
2022-05-13,1652443200,99.6600
2022-05-14,1652529600,93.5700
2022-05-15,1652616000,92.3400
2022-05-16,1652702400,96.3700
2022-05-17,1652788800,91.4600
2022-05-18,1652875200,100.5900
2022-05-19,1652961600,91.1100
2022-05-20,1653048000,88.5600
2022-05-21,1653134400,84.1200
2022-05-22,1653220800,82.4900
2022-05-23,1653307200,82.5400
2022-05-24,1653393600,82.2700
2022-05-25,1653480000,82.5700
2022-05-26,1653566400,81.6300
2022-05-27,1653652800,84.7200
2022-05-28,1653739200,80.9100
2022-05-29,1653825600,81.2000
2022-05-30,1653912000,75.3900
2022-05-31,1653998400,73.0600
2022-06-01,1654084800,74.7500
2022-06-02,1654171200,73.4300
2022-06-03,1654257600,71.3300
2022-06-04,1654344000,70.9600
2022-06-05,1654430400,72.0400
2022-06-06,1654516800,68.5100
2022-06-07,1654603200,71.5100
2022-06-08,1654689600,71.7000
2022-06-09,1654776000,72.5700
2022-06-10,1654862400,72.5500
2022-06-11,1654948800,75.0500
2022-06-12,1655035200,93.9900
2022-06-13,1655121600,106.0000
2022-06-14,1655208000,103.0900
2022-06-15,1655294400,89.1500
2022-06-16,1655380800,119.6500
2022-06-17,1655467200,108.6700
2022-06-18,1655553600,115.0300
2022-06-19,1655640000,109.9700
2022-06-20,1655726400,99.2700
2022-06-21,1655812800,97.9600
2022-06-22,1655899200,99.7600
2022-06-23,1655985600,91.4600
2022-06-24,1656072000,90.6600
2022-06-25,1656158400,86.6600
2022-06-26,1656244800,90.2600
2022-06-27,1656331200,89.0900
2022-06-28,1656417600,87.5000
2022-06-29,1656504000,91.3700
2022-06-30,1656590400,94.1400
2022-07-01,1656676800,92.9700
2022-07-02,1656763200,92.2300
2022-07-03,1656849600,92.0700
2022-07-04,1656936000,86.9900
2022-07-05,1657022400,86.0800
2022-07-06,1657108800,82.2500
2022-07-07,1657195200,81.3500
2022-07-08,1657281600,78.3900
2022-07-09,1657368000,73.5500
2022-07-10,1657454400,75.8600
2022-07-11,1657540800,80.5200
2022-07-12,1657627200,85.8600
2022-07-13,1657713600,80.8900
2022-07-14,1657800000,81.3500
2022-07-15,1657886400,78.7000
2022-07-16,1657972800,81.9900
2022-07-17,1658059200,81.2900
2022-07-18,1658145600,83.3900
2022-07-19,1658232000,82.9000
2022-07-20,1658318400,83.9900
2022-07-21,1658404800,82.3800
2022-07-22,1658491200,84.2800
2022-07-23,1658577600,80.4500
2022-07-24,1658664000,83.1700
2022-07-25,1658750400,81.3500
2022-07-26,1658836800,81.3900
2022-07-27,1658923200,76.4900
2022-07-28,1659009600,76.8900
2022-07-29,1659096000,75.0300
2022-07-30,1659182400,78.5500
2022-07-31,1659268800,78.6600
2022-08-01,1659355200,77.6900
2022-08-02,1659441600,77.7900
2022-08-03,1659528000,75.8700
2022-08-04,1659614400,73.6700
2022-08-05,1659700800,71.8500
2022-08-06,1659787200,71.7000
2022-08-07,1659873600,73.6000
2022-08-08,1659960000,75.1700
2022-08-09,1660046400,74.6700
2022-08-10,1660132800,70.8700
2022-08-11,1660219200,71.4800
2022-08-12,1660305600,70.2700
2022-08-13,1660392000,70.6000
2022-08-14,1660478400,70.8900
2022-08-15,1660564800,70.2000
2022-08-16,1660651200,71.5500
2022-08-17,1660737600,75.3200
2022-08-18,1660824000,74.8200
2022-08-19,1660910400,81.2400
2022-08-20,1660996800,77.7000
2022-08-21,1661083200,79.0200
2022-08-22,1661169600,80.3500
2022-08-23,1661256000,77.7800
2022-08-24,1661342400,75.5900
2022-08-25,1661428800,73.8300
2022-08-26,1661515200,72.6000
2022-08-27,1661601600,73.0300
2022-08-28,1661688000,76.1700
2022-08-29,1661774400,73.2000
2022-08-30,1661860800,75.7800
2022-08-31,1661947200,75.0400
2022-09-01,1662033600,77.8300
2022-09-02,1662120000,74.6600
2022-09-03,1662206400,77.8600
2022-09-04,1662292800,76.0100
2022-09-05,1662379200,76.8800
2022-09-06,1662465600,81.4600
2022-09-07,1662552000,76.1200
2022-09-08,1662638400,75.7200
2022-09-09,1662724800,75.1200
2022-09-10,1662811200,78.1500
2022-09-11,1662897600,78.9100
2022-09-12,1662984000,79.1500
2022-09-13,1663070400,81.0700
2022-09-14,1663156800,78.1900
2022-09-15,1663243200,76.0500
2022-09-16,1663329600,70.5700
2022-09-17,1663416000,69.1400
2022-09-18,1663502400,74.8600
2022-09-19,1663588800,70.2300
2022-09-20,1663675200,75.8600
2022-09-21,1663761600,76.7000
2022-09-22,1663848000,74.8100
2022-09-23,1663934400,74.2300
2022-09-24,1664020800,73.2100
2022-09-25,1664107200,75.8800
2022-09-26,1664193600,76.7100
2022-09-27,1664280000,76.8800
2022-09-28,1664366400,79.4000
2022-09-29,1664452800,77.5200
2022-09-30,1664539200,74.0600
2022-10-01,1664625600,72.2600
2022-10-02,1664712000,76.4200
2022-10-03,1664798400,70.0700
2022-10-04,1664884800,69.8700
2022-10-05,1664971200,71.1600
2022-10-06,1665057600,68.7300
2022-10-07,1665144000,65.9900
2022-10-08,1665230400,64.8400
2022-10-09,1665316800,67.5100
2022-10-10,1665403200,68.9800
2022-10-11,1665489600,70.6000
2022-10-12,1665576000,70.2000
2022-10-13,1665662400,66.1100
2022-10-14,1665748800,62.0800
2022-10-15,1665835200,62.6600
2022-10-16,1665921600,63.2700
2022-10-17,1666008000,60.0100
2022-10-18,1666094400,62.2600
2022-10-19,1666180800,60.9000
2022-10-20,1666267200,61.4400
2022-10-21,1666353600,62.1900
2022-10-22,1666440000,62.1400
2022-10-23,1666526400,64.0700
2022-10-24,1666612800,64.3100
2022-10-25,1666699200,65.6100
2022-10-26,1666785600,66.2800
2022-10-27,1666872000,61.4100
2022-10-28,1666958400,55.0800
2022-10-29,1667044800,57.8000
2022-10-30,1667131200,60.3600
2022-10-31,1667217600,59.6300
2022-11-01,1667304000,59.9200
2022-11-02,1667390400,56.4100
2022-11-03,1667476800,53.9800
2022-11-04,1667563200,54.1900
2022-11-05,1667649600,55.9000
2022-11-06,1667736000,56.7600
2022-11-07,1667822400,59.4800
2022-11-08,1667908800,76.6600
2022-11-09,1667995200,114.7200
2022-11-10,1668081600,93.1200
2022-11-11,1668168000,102.1100
2022-11-12,1668254400,102.9200
2022-11-13,1668340800,107.8800
2022-11-14,1668427200,98.1800
2022-11-15,1668513600,89.9900
2022-11-16,1668600000,98.6400
2022-11-17,1668686400,76.9700
2022-11-18,1668772800,74.7100
2022-11-19,1668859200,72.4100
2022-11-20,1668945600,80.2600
2022-11-21,1669032000,80.8100
2022-11-22,1669118400,79.7100
2022-11-23,1669204800,75.2700
2022-11-24,1669291200,72.2100
2022-11-25,1669377600,64.8900
2022-11-26,1669464000,65.4900
2022-11-27,1669550400,67.1200
2022-11-28,1669636800,67.4400
2022-11-29,1669723200,64.8000
2022-11-30,1669809600,64.0500
2022-12-01,1669896000,60.0500
2022-12-02,1669982400,58.7500
2022-12-03,1670068800,61.1500
2022-12-04,1670155200,61.8400
2022-12-05,1670241600,56.0100
2022-12-06,1670328000,56.7400
2022-12-07,1670414400,61.8300
2022-12-08,1670500800,55.7100
2022-12-09,1670587200,58.7100
2022-12-10,1670673600,59.5500
2022-12-11,1670760000,61.7900
2022-12-12,1670846400,61.1500
2022-12-13,1670932800,60.6600
2022-12-14,1671019200,55.1900
2022-12-15,1671105600,57.7400
2022-12-16,1671192000,63.3100
2022-12-17,1671278400,62.2900
2022-12-18,1671364800,66.4800
2022-12-19,1671451200,63.6200
2022-12-20,1671537600,60.1000
2022-12-21,1671624000,59.1200
2022-12-22,1671710400,56.1400
2022-12-23,1671796800,53.6700
2022-12-24,1671883200,52.3500
2022-12-25,1671969600,53.6800
2022-12-26,1672056000,53.2200
2022-12-27,1672142400,54.0500
2022-12-28,1672228800,57.1900
2022-12-29,1672315200,54.5900
2022-12-30,1672401600,49.8200
2022-12-31,1672488000,48.3100
2023-01-01,1672574400,46.9600
2023-01-02,1672660800,50.0200
2023-01-03,1672747200,48.9500
2023-01-04,1672833600,46.8700
2023-01-05,1672920000,45.4500
2023-01-06,1673006400,43.6100
2023-01-07,1673092800,42.0200
2023-01-08,1673179200,42.7900
2023-01-09,1673265600,44.0600
2023-01-10,1673352000,45.4700
2023-01-11,1673438400,47.5500
2023-01-12,1673524800,51.4200
2023-01-13,1673611200,61.1200
2023-01-14,1673697600,73.6200
2023-01-15,1673784000,70.2000
2023-01-16,1673870400,64.9200
2023-01-17,1673956800,63.3500
2023-01-18,1674043200,63.3400
2023-01-19,1674129600,56.9000
2023-01-20,1674216000,59.4800
2023-01-21,1674302400,65.7900
2023-01-22,1674388800,61.9900
2023-01-23,1674475200,64.3800
2023-01-24,1674561600,61.3300
2023-01-25,1674648000,61.4900
2023-01-26,1674734400,57.0000
2023-01-27,1674820800,55.0000
2023-01-28,1674907200,54.4900
2023-01-29,1674993600,58.9200
2023-01-30,1675080000,56.4000
2023-01-31,1675166400,58.8200
2023-02-01,1675252800,58.0400
2023-02-02,1675339200,57.7100
2023-02-03,1675425600,54.2500
2023-02-04,1675512000,54.1600
2023-02-05,1675598400,55.2300
2023-02-06,1675684800,54.5600
2023-02-07,1675771200,53.3100
2023-02-08,1675857600,52.9900
2023-02-09,1675944000,51.9500
2023-02-10,1676030400,48.6900
2023-02-11,1676116800,47.1300
2023-02-12,1676203200,47.5000
2023-02-13,1676289600,50.6500
2023-02-14,1676376000,49.1700
2023-02-15,1676462400,52.6700
2023-02-16,1676548800,58.8000
2023-02-17,1676635200,60.7700
2023-02-18,1676721600,58.3700
2023-02-19,1676808000,59.9400
2023-02-20,1676894400,60.7500
2023-02-21,1676980800,60.8200
2023-02-22,1677067200,56.8300
2023-02-23,1677153600,54.9300
2023-02-24,1677240000,50.4900
2023-02-25,1677326400,50.2900
2023-02-26,1677412800,51.3400
2023-02-27,1677499200,50.4400
2023-02-28,1677585600,50.3700
2023-03-01,1677672000,54.7100
2023-03-02,1677758400,53.7200
2023-03-03,1677844800,52.2000
2023-03-04,1677931200,51.5700
2023-03-05,1678017600,50.8400
2023-03-06,1678104000,51.7800
2023-03-07,1678190400,51.4600
2023-03-08,1678276800,50.1200
2023-03-09,1678363200,54.3900
2023-03-10,1678449600,54.2000
2023-03-11,1678536000,59.8200
2023-03-12,1678622400,58.8700
2023-03-13,1678708800,62.2400
2023-03-14,1678795200,63.4600
2023-03-15,1678881600,64.1500
2023-03-16,1678968000,62.4500
2023-03-17,1679054400,66.5900
2023-03-18,1679140800,67.2500
2023-03-19,1679227200,73.3400
2023-03-20,1679313600,68.2300
2023-03-21,1679400000,70.0600
2023-03-22,1679486400,63.8900
2023-03-23,1679572800,66.4300
2023-03-24,1679659200,65.0600
2023-03-25,1679745600,61.5900
2023-03-26,1679832000,63.2300
2023-03-27,1679918400,62.1200
2023-03-28,1680004800,60.1300
2023-03-29,1680091200,64.4900
2023-03-30,1680177600,62.7400
2023-03-31,1680264000,58.5200
2023-04-01,1680350400,58.1700
2023-04-02,1680436800,60.2800
2023-04-03,1680523200,61.8300
2023-04-04,1680609600,59.6500
2023-04-05,1680696000,58.0200
2023-04-06,1680782400,57.0600
2023-04-07,1680868800,54.5000
2023-04-08,1680955200,55.2600
2023-04-09,1681041600,58.5600
2023-04-10,1681128000,62.1600
2023-04-11,1681214400,60.1800
2023-04-12,1681300800,55.8700
2023-04-13,1681387200,55.4700
2023-04-14,1681473600,53.4600
2023-04-15,1681560000,53.8100
2023-04-16,1681646400,56.4000
2023-04-17,1681732800,55.6000
2023-04-18,1681819200,55.6300
2023-04-19,1681905600,55.7100
2023-04-20,1681992000,56.1100
2023-04-21,1682078400,54.8200
2023-04-22,1682164800,54.5300
2023-04-23,1682251200,54.2200
2023-04-24,1682337600,52.7200
2023-04-25,1682424000,52.3800
2023-04-26,1682510400,55.4700
2023-04-27,1682596800,55.0700
2023-04-28,1682683200,50.7300
2023-04-29,1682769600,50.6800
2023-04-30,1682856000,53.3000
2023-05-01,1682942400,53.1900
2023-05-02,1683028800,53.2100
2023-05-03,1683115200,52.9200
2023-05-04,1683201600,51.9000
2023-05-05,1683288000,51.6700
2023-05-06,1683374400,50.5300
2023-05-07,1683460800,51.6800
2023-05-08,1683547200,51.3400
2023-05-09,1683633600,51.9800
2023-05-10,1683720000,50.8600
2023-05-11,1683806400,51.2100
2023-05-12,1683892800,50.0900
2023-05-13,1683979200,48.3500
2023-05-14,1684065600,48.0200
2023-05-15,1684152000,52.2800
2023-05-16,1684238400,50.5700
2023-05-17,1684324800,49.7200
2023-05-18,1684411200,46.2800
2023-05-19,1684497600,46.5200
2023-05-20,1684584000,46.3400
2023-05-21,1684670400,47.0200
2023-05-22,1684756800,47.5800
2023-05-23,1684843200,50.0800
2023-05-24,1684929600,51.3000
2023-05-25,1685016000,47.7700
2023-05-26,1685102400,45.2400
2023-05-27,1685188800,43.0900
2023-05-28,1685275200,49.9400
2023-05-29,1685361600,47.1200
2023-05-30,1685448000,44.6800
2023-05-31,1685534400,43.9300
2023-06-01,1685620800,42.1300
2023-06-02,1685707200,41.4000
2023-06-03,1685793600,39.7500
2023-06-04,1685880000,41.6900
2023-06-05,1685966400,40.1100
2023-06-06,1686052800,43.6500
2023-06-07,1686139200,45.6300
2023-06-08,1686225600,41.3500
2023-06-09,1686312000,40.8000
2023-06-10,1686398400,43.3700
2023-06-11,1686484800,42.8100
2023-06-12,1686571200,46.4500
2023-06-13,1686657600,45.3800
2023-06-14,1686744000,44.6600
2023-06-15,1686830400,46.6300
2023-06-16,1686916800,45.0600
2023-06-17,1687003200,42.9500
2023-06-18,1687089600,45.4100
2023-06-19,1687176000,45.2200
2023-06-20,1687262400,52.7100
2023-06-21,1687348800,55.8300
2023-06-22,1687435200,51.0500
2023-06-23,1687521600,52.7100
2023-06-24,1687608000,49.1500
2023-06-25,1687694400,49.5100
2023-06-26,1687780800,49.5100
2023-06-27,1687867200,48.9200
2023-06-28,1687953600,48.4400
2023-06-29,1688040000,43.5200
2023-06-30,1688126400,46.0600
2023-07-01,1688212800,46.5600
2023-07-02,1688299200,47.8800
2023-07-03,1688385600,49.0500
2023-07-04,1688472000,46.6100
2023-07-05,1688558400,46.4500
2023-07-06,1688644800,47.9600
2023-07-07,1688731200,45.0400
2023-07-08,1688817600,44.0100
2023-07-09,1688904000,43.8900
2023-07-10,1688990400,44.2600
2023-07-11,1689076800,43.9600
2023-07-12,1689163200,41.2600
2023-07-13,1689249600,45.1500
2023-07-14,1689336000,42.2100
2023-07-15,1689422400,42.9800
2023-07-16,1689508800,42.1000
2023-07-17,1689595200,42.9000
2023-07-18,1689681600,42.6700
2023-07-19,1689768000,40.5300
2023-07-20,1689854400,41.6200
2023-07-21,1689940800,38.7600
2023-07-22,1690027200,39.0700
2023-07-23,1690113600,39.2700
2023-07-24,1690200000,38.2500
2023-07-25,1690286400,37.7700
2023-07-26,1690372800,38.1500
2023-07-27,1690459200,36.3600
2023-07-28,1690545600,35.4700
2023-07-29,1690632000,34.9600
2023-07-30,1690718400,36.3300
2023-07-31,1690804800,36.7700
2023-08-01,1690891200,36.5600
2023-08-02,1690977600,36.8200
2023-08-03,1691064000,36.2100
2023-08-04,1691150400,34.3700
2023-08-05,1691236800,33.7900
2023-08-06,1691323200,34.0300
2023-08-07,1691409600,36.2900
2023-08-08,1691496000,39.8500
2023-08-09,1691582400,38.7300
2023-08-10,1691668800,36.2000
2023-08-11,1691755200,32.7400
2023-08-12,1691841600,32.3800
2023-08-13,1691928000,33.7600
2023-08-14,1692014400,35.0100
2023-08-15,1692100800,34.5800
2023-08-16,1692187200,36.5600
2023-08-17,1692273600,52.3000
2023-08-18,1692360000,43.5800
2023-08-19,1692446400,43.0100
2023-08-20,1692532800,43.1800
2023-08-21,1692619200,42.6300
2023-08-22,1692705600,42.1300
2023-08-23,1692792000,43.3800
2023-08-24,1692878400,41.7200
2023-08-25,1692964800,36.3100
2023-08-26,1693051200,35.5200
2023-08-27,1693137600,36.0500
2023-08-28,1693224000,36.4200
2023-08-29,1693310400,40.6000
2023-08-30,1693396800,38.1800
2023-08-31,1693483200,35.9800
2023-09-01,1693569600,36.0900
2023-09-02,1693656000,35.5700
2023-09-03,1693742400,37.8400
2023-09-04,1693828800,38.3000
2023-09-05,1693915200,39.7900
2023-09-06,1694001600,39.4100
2023-09-07,1694088000,39.7400
2023-09-08,1694174400,40.0000
2023-09-09,1694260800,39.7500
2023-09-10,1694347200,40.5200
2023-09-11,1694433600,44.3300
2023-09-12,1694520000,43.5700
2023-09-13,1694606400,44.0500
2023-09-14,1694692800,41.7100
2023-09-15,1694779200,39.1400
2023-09-16,1694865600,39.5200
2023-09-17,1694952000,39.8300
2023-09-18,1695038400,41.4800
2023-09-19,1695124800,42.5300
2023-09-20,1695211200,43.0100
2023-09-21,1695297600,41.3700
2023-09-22,1695384000,37.2900
2023-09-23,1695470400,37.6400
2023-09-24,1695556800,38.6000
2023-09-25,1695643200,39.2500
2023-09-26,1695729600,38.6700
2023-09-27,1695816000,36.0600
2023-09-28,1695902400,38.6300
2023-09-29,1695988800,33.0400
2023-09-30,1696075200,35.8900
2023-10-01,1696161600,37.5000
2023-10-02,1696248000,38.1700
2023-10-03,1696334400,37.9600
2023-10-04,1696420800,37.2800
2023-10-05,1696507200,36.7500
2023-10-06,1696593600,35.0600
2023-10-07,1696680000,37.6100
2023-10-08,1696766400,37.8500
2023-10-09,1696852800,36.8100
2023-10-10,1696939200,38.5300
2023-10-11,1697025600,36.8800
2023-10-12,1697112000,35.1900
2023-10-13,1697198400,35.3700
2023-10-14,1697284800,36.5300
2023-10-15,1697371200,38.1600
2023-10-16,1697457600,42.6300
2023-10-17,1697544000,41.0800
2023-10-18,1697630400,39.2400
2023-10-19,1697716800,39.1800
2023-10-20,1697803200,44.2600
2023-10-21,1697889600,45.9000
2023-10-22,1697976000,48.8100
2023-10-23,1698062400,55.3700
2023-10-24,1698148800,54.1900
2023-10-25,1698235200,58.3600
2023-10-26,1698321600,55.0200
2023-10-27,1698408000,47.1900
2023-10-28,1698494400,50.2300
2023-10-29,1698580800,54.2100
2023-10-30,1698667200,53.8900
2023-10-31,1698753600,54.7600
2023-11-01,1698840000,59.7800
2023-11-02,1698926400,60.0000
2023-11-03,1699012800,57.8900
2023-11-04,1699099200,62.4600
2023-11-05,1699185600,60.1000
2023-11-06,1699272000,57.3600
2023-11-07,1699358400,55.4800
2023-11-08,1699444800,57.5800
2023-11-09,1699531200,58.8700
2023-11-10,1699617600,56.8400
2023-11-11,1699704000,58.0900
2023-11-12,1699790400,58.3300
2023-11-13,1699876800,56.2600
2023-11-14,1699963200,56.2400
2023-11-15,1700049600,60.5100
2023-11-16,1700136000,55.3500
2023-11-17,1700222400,55.4000
2023-11-18,1700308800,54.3800
2023-11-19,1700395200,56.5400
2023-11-20,1700481600,57.9400
2023-11-21,1700568000,55.7200
2023-11-22,1700654400,55.5000
2023-11-23,1700740800,53.8700
2023-11-24,1700827200,53.6500
2023-11-25,1700913600,52.1300
2023-11-26,1701000000,53.1900
2023-11-27,1701086400,50.6200
2023-11-28,1701172800,50.5800
2023-11-29,1701259200,51.9000
2023-11-30,1701345600,49.8000
2023-12-01,1701432000,51.4600
2023-12-02,1701518400,52.3500
2023-12-03,1701604800,54.7200
2023-12-04,1701691200,55.0900
2023-12-05,1701777600,55.7100
2023-12-06,1701864000,53.7100
2023-12-07,1701950400,52.4000
2023-12-08,1702036800,53.7200
2023-12-09,1702123200,53.9800
2023-12-10,1702209600,55.0300
2023-12-11,1702296000,55.5900
2023-12-12,1702382400,53.8700
2023-12-13,1702468800,53.4600
2023-12-14,1702555200,53.1300
2023-12-15,1702641600,54.1500
2023-12-16,1702728000,53.8100
2023-12-17,1702814400,54.6000
2023-12-18,1702900800,56.0200
2023-12-19,1702987200,57.6200
2023-12-20,1703073600,58.1000
2023-12-21,1703160000,58.6300
2023-12-22,1703246400,57.2400
2023-12-23,1703332800,56.9700
2023-12-24,1703419200,58.7300
2023-12-25,1703505600,58.2600
2023-12-26,1703592000,59.9800
2023-12-27,1703678400,64.3500
2023-12-28,1703764800,63.7500
2023-12-29,1703851200,62.5000
2023-12-30,1703937600,63.1100
2023-12-31,1704024000,64.7100
2024-01-01,1704110400,66.8100
2024-01-02,1704196800,63.7500
2024-01-03,1704283200,65.1700
2024-01-04,1704369600,65.3400
2024-01-05,1704456000,67.6400
2024-01-06,1704542400,71.3900
2024-01-07,1704628800,71.8100
2024-01-08,1704715200,67.1600
2024-01-09,1704801600,64.1700
2024-01-10,1704888000,62.7000
2024-01-11,1704974400,57.3000
2024-01-12,1705060800,57.4200
2024-01-13,1705147200,55.0700
2024-01-14,1705233600,56.8700
2024-01-15,1705320000,55.9600
2024-01-16,1705406400,55.1600
2024-01-17,1705492800,50.7900
2024-01-18,1705579200,48.3100
2024-01-19,1705665600,48.0400
2024-01-20,1705752000,47.9600
2024-01-21,1705838400,47.8200
2024-01-22,1705924800,48.9800
2024-01-23,1706011200,49.5900
2024-01-24,1706097600,47.5400
2024-01-25,1706184000,45.0100
2024-01-26,1706270400,43.7300
2024-01-27,1706356800,42.4300
2024-01-28,1706443200,45.2500
2024-01-29,1706529600,45.3600
2024-01-30,1706616000,46.9100
2024-01-31,1706702400,45.7900
2024-02-01,1706788800,44.7600
2024-02-02,1706875200,42.4100
2024-02-03,1706961600,41.5200
2024-02-04,1707048000,42.6900
2024-02-05,1707134400,42.3700
2024-02-06,1707220800,42.8700
2024-02-07,1707307200,43.8200
2024-02-08,1707393600,44.9100
2024-02-09,1707480000,47.7900
2024-02-10,1707566400,49.9100
2024-02-11,1707652800,51.2900
2024-02-12,1707739200,54.2800
2024-02-13,1707825600,52.1900
2024-02-14,1707912000,55.1300
2024-02-15,1707998400,55.0800
2024-02-16,1708084800,55.2400
2024-02-17,1708171200,56.2400
2024-02-18,1708257600,57.2400
2024-02-19,1708344000,56.8300
2024-02-20,1708430400,55.6300
2024-02-21,1708516800,54.0100
2024-02-22,1708603200,55.3800
2024-02-23,1708689600,52.2300
2024-02-24,1708776000,54.1800
2024-02-25,1708862400,55.1700
2024-02-26,1708948800,56.0500
2024-02-27,1709035200,58.3600
2024-02-28,1709121600,67.7600
2024-02-29,1709208000,65.5400
2024-03-01,1709294400,65.3700
2024-03-02,1709380800,65.8200
2024-03-03,1709467200,71.7200
2024-03-04,1709553600,74.8100
2024-03-05,1709640000,73.1900
2024-03-06,1709726400,74.8500
2024-03-07,1709812800,69.6800
2024-03-08,1709899200,71.8700
2024-03-09,1709985600,75.0400
2024-03-10,1710072000,80.1200
2024-03-11,1710158400,83.0200
2024-03-12,1710244800,78.0800
2024-03-13,1710331200,77.5000
2024-03-14,1710417600,74.5800
2024-03-15,1710504000,76.7000
2024-03-16,1710590400,75.7300
2024-03-17,1710676800,75.9300
2024-03-18,1710763200,74.0800
2024-03-19,1710849600,76.6100
2024-03-20,1710936000,77.7300
2024-03-21,1711022400,75.2600
2024-03-22,1711108800,72.4600
2024-03-23,1711195200,73.6800
2024-03-24,1711281600,72.6200
2024-03-25,1711368000,76.2500
2024-03-26,1711454400,75.3900
2024-03-27,1711540800,75.7800
2024-03-28,1711627200,76.5300
2024-03-29,1711713600,73.1100
2024-03-30,1711800000,74.9300
2024-03-31,1711886400,76.6400
2024-04-01,1711972800,73.8100
2024-04-02,1712059200,74.3700
2024-04-03,1712145600,72.4500
2024-04-04,1712232000,72.3100
2024-04-05,1712318400,71.9600
2024-04-06,1712404800,72.3000
2024-04-07,1712491200,77.4300
2024-04-08,1712577600,76.2500
2024-04-09,1712664000,73.6900
2024-04-10,1712750400,72.3200
2024-04-11,1712836800,68.4200
2024-04-12,1712923200,66.9400
2024-04-13,1713009600,72.9500
2024-04-14,1713096000,71.9900
2024-04-15,1713182400,70.4800
2024-04-16,1713268800,70.8800
2024-04-17,1713355200,70.7200
2024-04-18,1713441600,69.9800
2024-04-19,1713528000,70.4000
2024-04-20,1713614400,71.9800
2024-04-21,1713700800,72.0500
2024-04-22,1713787200,69.3700
2024-04-23,1713873600,64.1600
2024-04-24,1713960000,62.4400
2024-04-25,1714046400,59.2900
2024-04-26,1714132800,55.1200
2024-04-27,1714219200,54.6900
2024-04-28,1714305600,56.7900
2024-04-29,1714392000,55.3300
2024-04-30,1714478400,59.8100
2024-05-01,1714564800,61.2200
2024-05-02,1714651200,56.7700
2024-05-03,1714737600,55.8800
2024-05-04,1714824000,56.8900
2024-05-05,1714910400,58.6500
2024-05-06,1714996800,55.5700
2024-05-07,1715083200,53.7600
2024-05-08,1715169600,55.4300
2024-05-09,1715256000,52.1700
2024-05-10,1715342400,54.2700
2024-05-11,1715428800,54.1700
2024-05-12,1715515200,54.5200
2024-05-13,1715601600,56.1300
2024-05-14,1715688000,56.2300
2024-05-15,1715774400,58.6100
2024-05-16,1715860800,57.4900
2024-05-17,1715947200,55.2600
2024-05-18,1716033600,56.6700
2024-05-19,1716120000,57.3200
2024-05-20,1716206400,61.9400
2024-05-21,1716292800,58.5900
2024-05-22,1716379200,56.8000
2024-05-23,1716465600,53.1800
2024-05-24,1716552000,52.2900
2024-05-25,1716638400,52.2100
2024-05-26,1716724800,53.7300
2024-05-27,1716811200,53.9100
2024-05-28,1716897600,54.7600
2024-05-29,1716984000,53.2400
2024-05-30,1717070400,53.2700
2024-05-31,1717156800,51.9900
2024-06-01,1717243200,50.6800
2024-06-02,1717329600,51.1100
2024-06-03,1717416000,52.7700
2024-06-04,1717502400,53.9500
2024-06-05,1717588800,55.6200
2024-06-06,1717675200,51.8700
2024-06-07,1717761600,50.0200
2024-06-08,1717848000,50.3400
2024-06-09,1717934400,51.7900
2024-06-10,1718020800,50.8800
2024-06-11,1718107200,52.4900
2024-06-12,1718193600,50.5600
2024-06-13,1718280000,49.2300
2024-06-14,1718366400,48.5600
2024-06-15,1718452800,48.0300
2024-06-16,1718539200,47.9000
2024-06-17,1718625600,48.8100
2024-06-18,1718712000,50.0600
2024-06-19,1718798400,48.6000
2024-06-20,1718884800,48.2800
2024-06-21,1718971200,47.1100
2024-06-22,1719057600,46.4300
2024-06-23,1719144000,48.2300
2024-06-24,1719230400,50.9600
2024-06-25,1719316800,48.1400
2024-06-26,1719403200,47.0500
2024-06-27,1719489600,47.9400
2024-06-28,1719576000,45.4000
2024-06-29,1719662400,43.4700
2024-06-30,1719748800,45.4400
2024-07-01,1719835200,44.7100
2024-07-02,1719921600,42.3300
2024-07-03,1720008000,45.3600
2024-07-04,1720094400,47.5300
2024-07-05,1720180800,48.9800
2024-07-06,1720267200,48.2100
2024-07-07,1720353600,50.9900
2024-07-08,1720440000,51.0300
2024-07-09,1720526400,50.0500
2024-07-10,1720612800,48.6900
2024-07-11,1720699200,48.5400
2024-07-12,1720785600,46.3200
2024-07-13,1720872000,49.1800
2024-07-14,1720958400,49.3000
2024-07-15,1721044800,54.5200
2024-07-16,1721131200,56.4900
2024-07-17,1721217600,58.2800
2024-07-18,1721304000,57.1000
2024-07-19,1721390400,60.8000
2024-07-20,1721476800,62.6500
2024-07-21,1721563200,66.0000
2024-07-22,1721649600,67.6300
2024-07-23,1721736000,63.9100
2024-07-24,1721822400,61.3900
2024-07-25,1721908800,61.8100
2024-07-26,1721995200,60.1000
2024-07-27,1722081600,55.0400
2024-07-28,1722168000,52.6500
2024-07-29,1722254400,51.7300
2024-07-30,1722340800,50.6200
2024-07-31,1722427200,48.7300
2024-08-01,1722513600,49.8100
2024-08-02,1722600000,51.4000
2024-08-03,1722686400,51.4500
2024-08-04,1722772800,56.1300
2024-08-05,1722859200,63.0800
2024-08-06,1722945600,61.5400
2024-08-07,1723032000,60.8800
2024-08-08,1723118400,56.8100
2024-08-09,1723204800,55.0200
2024-08-10,1723291200,56.2800
2024-08-11,1723377600,57.1100
2024-08-12,1723464000,57.4800
2024-08-13,1723550400,56.9200
2024-08-14,1723636800,55.3100
2024-08-15,1723723200,55.6400
2024-08-16,1723809600,53.1200
2024-08-17,1723896000,53.7100
2024-08-18,1723982400,55.3200
2024-08-19,1724068800,53.6800
2024-08-20,1724155200,54.0600
2024-08-21,1724241600,54.6800
2024-08-22,1724328000,53.9900
2024-08-23,1724414400,55.4300
2024-08-24,1724500800,55.1400
2024-08-25,1724587200,54.2000
2024-08-26,1724673600,51.5800
2024-08-27,1724760000,52.6900
2024-08-28,1724846400,52.9100
2024-08-29,1724932800,52.9800
2024-08-30,1725019200,51.9600
2024-08-31,1725105600,50.4800
2024-09-01,1725192000,54.3600
2024-09-02,1725278400,52.9200
2024-09-03,1725364800,55.2900
2024-09-04,1725451200,55.7300
2024-09-05,1725537600,56.7900
2024-09-06,1725624000,59.4600
2024-09-07,1725710400,58.8400
2024-09-08,1725796800,59.3200
2024-09-09,1725883200,58.8200
2024-09-10,1725969600,57.1800
2024-09-11,1726056000,54.8400
2024-09-12,1726142400,53.9600
2024-09-13,1726228800,52.5100
2024-09-14,1726315200,52.4800
2024-09-15,1726401600,53.2100
2024-09-16,1726488000,53.2900
2024-09-17,1726574400,53.1200
2024-09-18,1726660800,51.5900
2024-09-19,1726747200,51.9500
2024-09-20,1726833600,50.1500
2024-09-21,1726920000,51.0400
2024-09-22,1727006400,51.1300
2024-09-23,1727092800,50.4500
2024-09-24,1727179200,51.5200
2024-09-25,1727265600,49.7500
2024-09-26,1727352000,52.3800
2024-09-27,1727438400,51.9100
2024-09-28,1727524800,52.6000
2024-09-29,1727611200,54.0200
2024-09-30,1727697600,54.2100
2024-10-01,1727784000,56.6400
2024-10-02,1727870400,56.3500
2024-10-03,1727956800,57.4500
2024-10-04,1728043200,55.5300
2024-10-05,1728129600,55.4100
2024-10-06,1728216000,57.1700
2024-10-07,1728302400,56.6000
2024-10-08,1728388800,55.6300
2024-10-09,1728475200,56.1100
2024-10-10,1728561600,54.9700
2024-10-11,1728648000,57.5100
2024-10-12,1728734400,56.8400
2024-10-13,1728820800,57.1400
2024-10-14,1728907200,57.8500
2024-10-15,1728993600,58.1500
2024-10-16,1729080000,57.4400
2024-10-17,1729166400,56.4000
2024-10-18,1729252800,55.1800
2024-10-19,1729339200,54.7000
2024-10-20,1729425600,56.6600
2024-10-21,1729512000,55.6900
2024-10-22,1729598400,55.7700
2024-10-23,1729684800,56.2900
2024-10-24,1729771200,57.3000
2024-10-25,1729857600,58.0800
2024-10-26,1729944000,55.3600
2024-10-27,1730030400,57.1800
2024-10-28,1730116800,57.7800
2024-10-29,1730203200,59.8300
2024-10-30,1730289600,59.1100
2024-10-31,1730376000,58.2300
2024-11-01,1730462400,59.7700
2024-11-02,1730548800,60.2600
2024-11-03,1730635200,62.4900
2024-11-04,1730721600,64.9700
2024-11-05,1730808000,63.7100
2024-11-06,1730894400,55.9700
2024-11-07,1730980800,53.5500
2024-11-08,1731067200,49.8500
2024-11-09,1731153600,50.5400
2024-11-10,1731240000,53.2800
2024-11-11,1731326400,61.5200
2024-11-12,1731412800,57.6900
2024-11-13,1731499200,58.5400
2024-11-14,1731585600,59.4600
2024-11-15,1731672000,56.2900
2024-11-16,1731758400,56.8400
2024-11-17,1731844800,57.2300
2024-11-18,1731931200,58.3000
2024-11-19,1732017600,58.2500
2024-11-20,1732104000,60.1800
2024-11-21,1732190400,61.2900
2024-11-22,1732276800,60.7800
2024-11-23,1732363200,60.8900
2024-11-24,1732449600,64.0900
2024-11-25,1732536000,60.6500
2024-11-26,1732622400,61.2300
2024-11-27,1732708800,59.7300
2024-11-28,1732795200,57.5500
2024-11-29,1732881600,56.1100
2024-11-30,1732968000,55.1700
2024-12-01,1733054400,57.2000
2024-12-02,1733140800,55.9400
2024-12-03,1733227200,56.5000
2024-12-04,1733313600,57.1700
2024-12-05,1733400000,60.9600
2024-12-06,1733486400,58.4400
2024-12-07,1733572800,57.2000
2024-12-08,1733659200,58.1500
2024-12-09,1733745600,59.7400
2024-12-10,1733832000,59.1800
2024-12-11,1733918400,59.9400
2024-12-12,1734004800,60.1400
2024-12-13,1734091200,59.0000
2024-12-14,1734177600,58.0800
2024-12-15,1734264000,60.6500
2024-12-16,1734350400,58.5400
2024-12-17,1734436800,59.5100
2024-12-18,1734523200,60.4900
2024-12-19,1734609600,59.6000
2024-12-20,1734696000,58.8700
2024-12-21,1734782400,57.8700
2024-12-22,1734868800,61.4300
2024-12-23,1734955200,60.2100
2024-12-24,1735041600,60.8300
2024-12-25,1735128000,60.7300
2024-12-26,1735214400,61.6700
2024-12-27,1735300800,60.6100
2024-12-28,1735387200,60.4300
2024-12-29,1735473600,60.4800
2024-12-30,1735560000,61.0300
2024-12-31,1735646400,60.0300
2025-01-01,1735732800,61.1000
2025-01-02,1735819200,59.8500
2025-01-03,1735905600,58.7400
2025-01-04,1735992000,59.8700
2025-01-05,1736078400,59.5500
2025-01-06,1736164800,58.8400
2025-01-07,1736251200,58.6000
2025-01-08,1736337600,58.4700
2025-01-09,1736424000,59.4700
2025-01-10,1736510400,57.1900
2025-01-11,1736596800,58.5200
2025-01-12,1736683200,59.5700
2025-01-13,1736769600,61.2500
2025-01-14,1736856000,60.8700
2025-01-15,1736942400,61.2300
2025-01-16,1737028800,62.5600
2025-01-17,1737115200,63.1900
2025-01-18,1737201600,65.0400
2025-01-19,1737288000,66.0200
2025-01-20,1737374400,63.0700
2025-01-21,1737460800,61.9200
2025-01-22,1737547200,61.0400
2025-01-23,1737633600,60.0800
2025-01-24,1737720000,57.3700
2025-01-25,1737806400,57.0500
2025-01-26,1737892800,56.7400
2025-01-27,1737979200,59.0500
2025-01-28,1738065600,56.2000
2025-01-29,1738152000,56.1500
2025-01-30,1738238400,54.6400
2025-01-31,1738324800,53.3200
2025-02-01,1738411200,53.7700
2025-02-02,1738497600,57.0400
2025-02-03,1738584000,56.9400
2025-02-04,1738670400,54.0300
2025-02-05,1738756800,54.5300
2025-02-06,1738843200,53.9100
2025-02-07,1738929600,54.1700
2025-02-08,1739016000,53.4900
2025-02-09,1739102400,54.2100
2025-02-10,1739188800,52.4000
2025-02-11,1739275200,54.2300
2025-02-12,1739361600,51.4900
2025-02-13,1739448000,51.7600
2025-02-14,1739534400,51.6000
2025-02-15,1739620800,50.6100
2025-02-16,1739707200,50.8400
2025-02-17,1739793600,51.7300
2025-02-18,1739880000,51.6900
2025-02-19,1739966400,49.1500
2025-02-20,1740052800,49.0600
2025-02-21,1740139200,48.7100
2025-02-22,1740225600,48.6000
2025-02-23,1740312000,48.4700
2025-02-24,1740398400,47.0700
2025-02-25,1740484800,48.5900
2025-02-26,1740571200,51.3000
2025-02-27,1740657600,51.6800
2025-02-28,1740744000,50.7600
2025-03-01,1740830400,51.8700
2025-03-02,1740916800,55.4700
2025-03-03,1741003200,59.4800
2025-03-04,1741089600,62.0700
2025-03-05,1741176000,57.6000
2025-03-06,1741262400,60.1500
2025-03-07,1741348800,54.3200
2025-03-08,1741435200,52.6600
2025-03-09,1741521600,59.1000
2025-03-10,1741608000,59.5700
2025-03-11,1741694400,59.9000
2025-03-12,1741780800,56.8900
2025-03-13,1741867200,55.4200
2025-03-14,1741953600,53.2700
2025-03-15,1742040000,53.4600
2025-03-16,1742126400,55.2700
2025-03-17,1742212800,52.8600
2025-03-18,1742299200,52.0000
2025-03-19,1742385600,54.0200
2025-03-20,1742472000,49.0100
2025-03-21,1742558400,47.5600
2025-03-22,1742644800,48.8800
2025-03-23,1742731200,47.6600
2025-03-24,1742817600,47.3200
2025-03-25,1742904000,46.9900
2025-03-26,1742990400,47.2700
2025-03-27,1743076800,46.6100
2025-03-28,1743163200,49.9300
2025-03-29,1743249600,52.6900
2025-03-30,1743336000,53.7300
2025-03-31,1743422400,51.0200
2025-04-01,1743508800,49.5500
2025-04-02,1743595200,52.6100
2025-04-03,1743681600,52.6400
2025-04-04,1743768000,55.3300
2025-04-05,1743854400,57.1000
2025-04-06,1743940800,59.5900
2025-04-07,1744027200,52.7900
2025-04-08,1744113600,56.8400
2025-04-09,1744200000,53.0400
2025-04-10,1744286400,53.5600
2025-04-11,1744372800,56.1500
2025-04-12,1744459200,57.4500
2025-04-13,1744545600,56.2900
2025-04-14,1744632000,53.3100
2025-04-15,1744718400,50.3900
2025-04-16,1744804800,49.5800
2025-04-17,1744891200,48.4100
2025-04-18,1744977600,46.9000
2025-04-19,1745064000,48.2900
2025-04-20,1745150400,48.2000
2025-04-21,1745236800,49.1600
2025-04-22,1745323200,52.6900
2025-04-23,1745409600,49.4200
2025-04-24,1745496000,46.9600
2025-04-25,1745582400,46.4500
2025-04-26,1745668800,47.4200
2025-04-27,1745755200,48.1200
2025-04-28,1745841600,47.0500
2025-04-29,1745928000,46.1700
2025-04-30,1746014400,45.0700
2025-05-01,1746100800,46.1100
2025-05-02,1746187200,44.5400
2025-05-03,1746273600,44.9000
2025-05-04,1746360000,46.3500
2025-05-05,1746446400,45.0000
2025-05-06,1746532800,46.6600
2025-05-07,1746619200,44.8000
2025-05-08,1746705600,45.8800
2025-05-09,1746792000,45.7800
2025-05-10,1746878400,47.1300
2025-05-11,1746964800,47.1300
2025-05-12,1747051200,45.4400
2025-05-13,1747137600,45.7100
2025-05-14,1747224000,44.7900
2025-05-15,1747310400,43.5700
2025-05-16,1747396800,42.6200
2025-05-17,1747483200,43.1300
2025-05-18,1747569600,44.9300
2025-05-19,1747656000,44.0200
2025-05-20,1747742400,47.3000
2025-05-21,1747828800,49.1300
2025-05-22,1747915200,49.0000
2025-05-23,1748001600,47.6800
2025-05-24,1748088000,47.5300
2025-05-25,1748174400,48.9600
2025-05-26,1748260800,47.1300
2025-05-27,1748347200,46.1600
2025-05-28,1748433600,45.2400
2025-05-29,1748520000,44.6100
2025-05-30,1748606400,43.7100
2025-05-31,1748692800,45.8800
2025-06-01,1748779200,45.1300
2025-06-02,1748865600,42.9700
2025-06-03,1748952000,42.8300
2025-06-04,1749038400,42.1800
2025-06-05,1749124800,42.7600
2025-06-06,1749211200,40.5300
2025-06-07,1749297600,41.9900
2025-06-08,1749384000,42.5200
2025-06-09,1749470400,42.6100
2025-06-10,1749556800,42.5100
2025-06-11,1749643200,40.9500
2025-06-12,1749729600,39.7700
2025-06-13,1749816000,40.7200
2025-06-14,1749902400,41.0000
2025-06-15,1749988800,42.3200
2025-06-16,1750075200,41.7300
2025-06-17,1750161600,41.6200
2025-06-18,1750248000,39.6900
2025-06-19,1750334400,40.2100
2025-06-20,1750420800,40.6700
2025-06-21,1750507200,41.0100
2025-06-22,1750593600,41.7500
2025-06-23,1750680000,39.8600
2025-06-24,1750766400,39.0500
2025-06-25,1750852800,38.4000
2025-06-26,1750939200,38.2500
2025-06-27,1751025600,38.1000
2025-06-28,1751112000,37.7100
2025-06-29,1751198400,39.3400
2025-06-30,1751284800,37.7400
2025-07-01,1751371200,37.6100
2025-07-02,1751457600,39.6000
2025-07-03,1751544000,39.0800
2025-07-04,1751630400,39.2100
2025-07-05,1751716800,38.5400
2025-07-06,1751803200,38.9800
2025-07-07,1751889600,38.7100
2025-07-08,1751976000,37.7700
2025-07-09,1752062400,38.7700
2025-07-10,1752148800,38.6200
2025-07-11,1752235200,37.9400
2025-07-12,1752321600,38.2000
2025-07-13,1752408000,39.2400
2025-07-14,1752494400,39.6400
2025-07-15,1752580800,39.9300
2025-07-16,1752667200,39.0700
2025-07-17,1752753600,39.4700
2025-07-18,1752840000,38.6000
2025-07-19,1752926400,38.8500
2025-07-20,1753012800,39.2300
2025-07-21,1753099200,39.2800
2025-07-22,1753185600,39.8800
2025-07-23,1753272000,39.5800
2025-07-24,1753358400,40.2200
2025-07-25,1753444800,40.0600
2025-07-26,1753531200,38.9500
2025-07-27,1753617600,39.3700
2025-07-28,1753704000,38.2700
2025-07-29,1753790400,35.1800
2025-07-30,1753876800,36.1300
2025-07-31,1753963200,36.7300
2025-08-01,1754049600,38.4200
2025-08-02,1754136000,37.6700
2025-08-03,1754222400,38.0300
2025-08-04,1754308800,36.8900
2025-08-05,1754395200,36.0100
2025-08-06,1754481600,34.8800
2025-08-07,1754568000,35.6600
2025-08-08,1754654400,34.4000
2025-08-09,1754740800,35.0700
2025-08-10,1754827200,35.4300
2025-08-11,1754913600,36.5600
2025-08-12,1755000000,36.9400
2025-08-13,1755086400,39.0000
2025-08-14,1755172800,36.9500
2025-08-15,1755259200,35.3700
2025-08-16,1755345600,35.3800
2025-08-17,1755432000,35.8300
2025-08-18,1755518400,35.9900
2025-08-19,1755604800,37.8700
2025-08-20,1755691200,36.0200
2025-08-21,1755777600,37.2500
2025-08-22,1755864000,34.5300
2025-08-23,1755950400,34.9700
2025-08-24,1756036800,35.0700
2025-08-25,1756123200,37.9300
2025-08-26,1756209600,36.9200
2025-08-27,1756296000,37.9100
2025-08-28,1756382400,36.9500
2025-08-29,1756468800,38.9800
2025-08-30,1756555200,38.8500
2025-08-31,1756641600,39.6200
2025-09-01,1756728000,39.5000
2025-09-02,1756814400,38.8000
2025-09-03,1756900800,38.8500
2025-09-04,1756987200,38.4800
2025-09-05,1757073600,37.4900
2025-09-06,1757160000,37.7600
2025-09-07,1757246400,37.9000
2025-09-08,1757332800,37.0800
2025-09-09,1757419200,37.3600
2025-09-10,1757505600,36.9500
2025-09-11,1757592000,35.2600
2025-09-12,1757678400,34.6600
2025-09-13,1757764800,34.2800
2025-09-14,1757851200,34.4100
2025-09-15,1757937600,35.5600
2025-09-16,1758024000,36.5200
2025-09-17,1758110400,35.5500
2025-09-18,1758196800,33.8100
2025-09-19,1758283200,34.7800
2025-09-20,1758369600,34.4800
2025-09-21,1758456000,34.5100
2025-09-22,1758542400,35.1700
2025-09-23,1758628800,37.1400
2025-09-24,1758715200,36.1700
2025-09-25,1758801600,37.6900
2025-09-26,1758888000,36.5500
2025-09-27,1758974400,36.4200
2025-09-28,1759060800,35.8600
2025-09-29,1759147200,36.3900
2025-09-30,1759233600,36.6100
2025-10-01,1759320000,37.1200
2025-10-02,1759406400,37.3900
2025-10-03,1759492800,38.0300
2025-10-04,1759579200,38.0300
2025-10-05,1759665600,37.9500
2025-10-06,1759752000,39.2600
2025-10-07,1759838400,39.2800
2025-10-08,1759924800,39.4400
2025-10-09,1760011200,39.7300
2025-10-10,1760097600,44.1100
2025-10-11,1760184000,46.1500
2025-10-12,1760270400,46.2400
2025-10-13,1760356800,43.3800
2025-10-14,1760443200,45.0100
2025-10-15,1760529600,45.2500
2025-10-16,1760616000,47.7800
2025-10-17,1760702400,50.0000
2025-10-18,1760788800,49.0800
2025-10-19,1760875200,47.6800
2025-10-20,1760961600,45.9500
2025-10-21,1761048000,49.2700
2025-10-22,1761134400,50.7000
2025-10-23,1761220800,45.1300
2025-10-24,1761307200,42.8400
2025-10-25,1761393600,42.9000
2025-10-26,1761480000,43.9100
2025-10-27,1761566400,42.8200
2025-10-28,1761652800,42.3900
2025-10-29,1761739200,45.0700
2025-10-30,1761825600,44.8500
2025-10-31,1761912000,43.3100
2025-11-01,1761998400,43.4900
2025-11-02,1762084800,44.1200
2025-11-03,1762171200,45.7300
2025-11-04,1762257600,47.7900
2025-11-05,1762344000,46.5500
2025-11-06,1762430400,46.9400
2025-11-07,1762516800,44.6100
2025-11-08,1762603200,44.8800
2025-11-09,1762689600,45.1100
2025-11-10,1762776000,44.3000
2025-11-11,1762862400,46.6100
2025-11-12,1762948800,46.0700
2025-11-13,1763035200,46.5200
2025-11-14,1763121600,49.7100
2025-11-15,1763208000,48.5000
2025-11-16,1763294400,49.6400
2025-11-17,1763380800,50.6200
2025-11-18,1763467200,50.5200
2025-11-19,1763553600,51.0400
2025-11-20,1763640000,54.6500
2025-11-21,1763726400,57.3800
2025-11-22,1763812800,59.1600
2025-11-23,1763899200,56.5000
2025-11-24,1763985600,53.3100
2025-11-25,1764072000,52.5600
2025-11-26,1764158400,49.9200
2025-11-27,1764244800,49.3100
2025-11-28,1764331200,48.7000
2025-11-29,1764417600,49.1300
2025-11-30,1764504000,48.7800
2025-12-01,1764590400,53.1300
2025-12-02,1764676800,49.2400
2025-12-03,1764763200,47.4400
2025-12-04,1764849600,48.0300
2025-12-05,1764936000,48.9400
2025-12-06,1765022400,49.0000
2025-12-07,1765108800,49.6500
2025-12-08,1765195200,49.0100
2025-12-09,1765281600,46.4400
2025-12-10,1765368000,44.9200
2025-12-11,1765454400,44.4600
2025-12-12,1765540800,44.2200
2025-12-13,1765627200,44.6500
2025-12-14,1765713600,46.7400
2025-12-15,1765800000,46.6800
2025-12-16,1765886400,45.6900
2025-12-17,1765972800,47.0000
2025-12-18,1766059200,47.4800
2025-12-19,1766145600,45.0600
2025-12-20,1766232000,45.1100
2025-12-21,1766318400,45.0700
2025-12-22,1766404800,45.0900
2025-12-23,1766491200,43.4000
2025-12-24,1766577600,42.8100
2025-12-25,1766664000,42.5500
2025-12-26,1766750400,41.0400
2025-12-27,1766836800,41.8300
2025-12-28,1766923200,42.1100
2025-12-29,1767009600,42.2500
2025-12-30,1767096000,42.7900
2025-12-31,1767182400,43.0100
2026-01-01,1767268800,42.2200
2026-01-02,1767355200,43.4300
2026-01-03,1767441600,44.4000
2026-01-04,1767528000,44.3900
2026-01-05,1767614400,43.9400
2026-01-06,1767700800,44.0900
2026-01-07,1767787200,44.6400
2026-01-08,1767873600,43.2400
2026-01-09,1767960000,40.5200
2026-01-10,1768046400,41.0300
2026-01-11,1768132800,41.6800
2026-01-12,1768219200,41.2700
2026-01-13,1768305600,41.6900
2026-01-14,1768392000,40.8100
2026-01-15,1768478400,40.6100
2026-01-16,1768564800,38.2700
2026-01-17,1768651200,39.0800
2026-01-18,1768737600,40.2300
2026-01-19,1768824000,39.7000
2026-01-20,1768910400,42.2300
2026-01-21,1768996800,40.1400
2026-01-22,1769083200,38.8800
2026-01-23,1769169600,38.0600
2026-01-24,1769256000,38.2700
2026-01-25,1769342400,41.1600
2026-01-26,1769428800,38.7500
2026-01-27,1769515200,38.2000
2026-01-28,1769601600,38.0000
2026-01-29,1769688000,41.5500
2026-01-30,1769774400,40.4500
2026-01-31,1769860800,47.5800
2026-02-01,1769947200,48.2700
2026-02-02,1770033600,46.2900
2026-02-03,1770120000,51.7400
2026-02-04,1770206400,53.4700
2026-02-05,1770292800,82.6200
2026-02-06,1770379200,58.8500
2026-02-07,1770465600,59.3500
2026-02-08,1770552000,57.2900
2026-02-09,1770638400,54.4600
2026-02-10,1770724800,54.8400
2026-02-11,1770811200,55.2900
2026-02-12,1770897600,55.2800
2026-02-13,1770984000,52.0400
2026-02-14,1771070400,49.8900
2026-02-15,1771156800,51.2800
2026-02-16,1771243200,52.1900
2026-02-17,1771329600,52.0100
2026-02-18,1771416000,53.6700
2026-02-19,1771502400,52.6600
2026-02-20,1771588800,51.4300
2026-02-21,1771675200,51.7000
2026-02-22,1771761600,52.0000
2026-02-23,1771848000,56.1000
2026-02-24,1771934400,57.7700
2026-02-25,1772020800,53.5900
2026-02-26,1772107200,52.1900
2026-02-27,1772193600,52.5500
2026-02-28,1772280000,55.2100
2026-03-01,1772366400,55.0700
2026-03-02,1772452800,53.3800
2026-03-03,1772539200,55.4100
2026-03-04,1772625600,55.5000
2026-03-05,1772712000,54.7100
2026-03-06,1772798400,55.5200
2026-03-07,1772884800,58.6300
2026-03-08,1772971200,60.4500
2026-03-09,1773057600,55.4900
2026-03-10,1773144000,55.0400
2026-03-11,1773230400,53.9300
2026-03-12,1773316800,54.2600
2026-03-13,1773403200,52.9800
2026-03-14,1773489600,53.2600
2026-03-15,1773576000,52.8900
2026-03-16,1773662400,52.8100
2026-03-17,1773748800,51.4200
2026-03-18,1773835200,53.7700
2026-03-19,1773921600,54.2700
2026-03-20,1774008000,54.4400
2026-03-21,1774094400,55.2200
2026-03-22,1774180800,56.7400
2026-03-23,1774267200,53.5300
2026-03-24,1774353600,52.6800
2026-03-25,1774440000,51.0400
2026-03-26,1774526400,52.5400
2026-03-27,1774612800,53.7100
2026-03-28,1774699200,53.7400
2026-03-29,1774785600,54.5600
2026-03-30,1774872000,55.3000
2026-03-31,1774958400,52.2500
2026-04-01,1775044800,51.4900
2026-04-02,1775131200,50.8500
2026-04-03,1775217600,47.4100
2026-04-04,1775304000,47.3700
2026-04-05,1775390400,47.5300
2026-04-06,1775476800,48.9900
2026-04-07,1775563200,47.3700
2026-04-08,1775649600,44.3500
2026-04-09,1775736000,44.5200
2026-04-10,1775822400,43.1400
2026-04-11,1775908800,44.6100
2026-04-12,1775995200,45.4300
2026-04-13,1776081600,44.0100
2026-04-14,1776168000,44.1000
2026-04-15,1776254400,43.9200
2026-04-16,1776340800,42.3300
2026-04-17,1776427200,42.8300
2026-04-18,1776513600,44.1000
2026-04-19,1776600000,43.4400
2026-04-20,1776686400,42.0300
2026-04-21,1776772800,42.1300
2026-04-22,1776859200,43.1800
2026-04-23,1776945600,42.8300
2026-04-24,1777032000,40.1600
2026-04-25,1777118400,40.7700
2026-04-26,1777204800,40.3400
2026-04-27,1777291200,40.6200
2026-04-28,1777377600,40.5800
2026-04-29,1777464000,39.6200
2026-04-30,1777550400,38.8800
2026-05-01,1777636800,38.5200
2026-05-02,1777723200,39.3100
2026-05-03,1777809600,39.0500
2026-05-04,1777896000,41.0000
2026-05-05,1777982400,40.2800
2026-05-06,1778068800,39.4100
2026-05-07,1778155200,38.8500
2026-05-08,1778241600,37.6600
2026-05-09,1778328000,38.6100
2026-05-10,1778414400,38.7200
2026-05-11,1778500800,38.3300
2026-05-12,1778587200,38.5500
2026-05-13,1778673600,39.8300
2026-05-14,1778760000,39.0200
2026-05-15,1778846400,39.0500
2026-05-16,1778932800,40.2100
2026-05-17,1779019200,40.2400
2026-05-18,1779105600,39.9300
2026-05-19,1779192000,39.7600
2026-05-20,1779278400,38.4700
2026-05-21,1779364800,36.6200
2026-05-22,1779451200,37.0900
2026-05-23,1779537600,36.7000
2026-05-24,1779624000,36.0300
2026-05-25,1779710400,34.4400
2026-05-26,1779796800,35.8600
2026-05-27,1779883200,37.1900
2026-05-28,1779969600,37.2700
2026-05-29,1780056000,35.9900
2026-05-30,1780142400,35.2800
2026-05-31,1780228800,36.4000
2026-06-01,1780315200,37.2700
2026-06-02,1780401600,43.2800
2026-06-03,1780488000,47.9000
2026-06-04,1780574400,46.1700
2026-06-05,1780660800,49.1400
2026-06-06,1780747200,48.6200
2026-06-07,1780833600,49.3700
2026-06-08,1780920000,45.6400
2026-06-09,1781006400,46.2400
2026-06-10,1781092800,46.9600
2026-06-11,1781179200,43.2700
2026-06-12,1781265600,40.4700
2026-06-13,1781352000,40.7700
2026-06-14,1781438400,40.3300
2026-06-15,1781524800,38.7200
2026-06-16,1781611200,37.6700
2026-06-17,1781697600,39.5400
2026-06-18,1781784000,42.4700
2026-06-19,1781870400,40.5400
2026-06-20,1781956800,39.8500
2026-06-21,1782043200,41.7600
2026-06-22,1782129600,40.4100
2026-06-23,1782216000,41.5600
2026-06-24,1782302400,45.1200
2026-06-25,1782388800,46.5600
2026-06-26,1782475200,45.5000
2026-06-27,1782561600,45.1700
2026-06-28,1782648000,47.6600
2026-06-29,1782734400,42.6500
2026-06-30,1782820800,44.5400
2026-07-01,1782907200,42.9100
2026-07-02,1782993600,40.4500
2026-07-03,1783080000,39.4700
2026-07-04,1783166400,39.1800
2026-07-05,1783252800,38.6700
2026-07-06,1783339200,37.2600
2026-07-07,1783425600,38.8700
2026-07-08,1783512000,39.5300
2026-07-09,1783598400,37.2900
2026-07-10,1783684800,36.2300
2026-07-11,1783771200,36.7800
2026-07-12,1783857600,37.2000
2026-07-13,1783944000,37.7800
2026-07-14,1784030400,36.4800
2026-07-15,1784116800,35.9800
2026-07-16,1784203200,36.3700
2026-07-17,1784289600,36.3300
2026-07-18,1784376000,35.7200
2026-07-19,1784462400,36.1100
2026-07-20,1784548800,36.2600
2026-07-21,1784635200,37.3200
2026-07-22,1784721600,38.0100
2026-07-23,1784808000,38.4700
2026-07-24,1784894400,37.0200
2026-07-25,1784980800,37.7100
2026-07-26,1785067200,37.3400
2026-07-27,1785153600,37.4500
2026-07-28,1785240000,37.2400
2026-07-29,1785326400,37.4500
2026-07-30,1785412800,35.5500
2026-07-31,1785499200,35.6400
2026-08-01,1785585600,35.5500
2026-08-02,1785672000,35.0500
2026-08-03,1785758400,34.7600
2026-08-04,1785844800,34.0400
2026-08-05,1785931200,34.6600
2026-08-06,1786017600,34.9800
2026-08-07,1786104000,33.9400
2026-08-08,1786190400,34.2300
2026-08-09,1786276800,34.9300
2026-08-10,1786363200,36.3300
2026-08-11,1786449600,36.1300
2026-08-12,1786536000,35.8200
2026-08-13,1786622400,34.8100
2026-08-14,1786708800,34.7400
2026-08-15,1786795200,35.0200
2026-08-16,1786881600,35.1600
2026-08-17,1786968000,34.7200
2026-08-18,1787054400,34.9000
2026-08-19,1787140800,37.8400
2026-08-20,1787227200,39.4400
2026-08-21,1787313600,43.2900
2026-08-22,1787400000,42.3800
